TaxCalculator.java,TaxCalculator,org.pitest.mutationtest.engine.gregor.mutators.ConditionalsBoundaryMutator,applyExemption,55,SURVIVED,none
TaxCalculator.java,TaxCalculator,org.pitest.mutationtest.engine.gregor.mutators.ConditionalsBoundaryMutator,applyExemption,57,SURVIVED,none
TaxCalculator.java,TaxCalculator,org.pitest.mutationtest.engine.gregor.mutators.NegateConditionalsMutator,applyExemption,51,KILLED,TaxCalculatorTest.[engine:junit-jupiter]/[class:TaxCalculatorTest]/[method:exemption_underCap()]
TaxCalculator.java,TaxCalculator,org.pitest.mutationtest.engine.gregor.mutators.NegateConditionalsMutator,applyExemption,51,KILLED,TaxCalculatorTest.[engine:junit-jupiter]/[class:TaxCalculatorTest]/[method:exemption_underCap()]
TaxCalculator.java,TaxCalculator,org.pitest.mutationtest.engine.gregor.mutators.NegateConditionalsMutator,applyExemption,55,KILLED,TaxCalculatorTest.[engine:junit-jupiter]/[class:TaxCalculatorTest]/[method:exemption_underCap()]
TaxCalculator.java,TaxCalculator,org.pitest.mutationtest.engine.gregor.mutators.NegateConditionalsMutator,applyExemption,57,KILLED,TaxCalculatorTest.[engine:junit-jupiter]/[class:TaxCalculatorTest]/[method:exemption_underCap()]
TaxCalculator.java,TaxCalculator,org.pitest.mutationtest.engine.gregor.mutators.returns.NullReturnValsMutator,applyExemption,57,KILLED,TaxCalculatorTest.[engine:junit-jupiter]/[class:TaxCalculatorTest]/[method:exemption_underCap()]
TaxCalculator.java,TaxCalculator,org.pitest.mutationtest.engine.gregor.mutators.ConditionalsBoundaryMutator,computeIncomeTax,13,SURVIVED,none
TaxCalculator.java,TaxCalculator,org.pitest.mutationtest.engine.gregor.mutators.ConditionalsBoundaryMutator,computeIncomeTax,20,SURVIVED,none
TaxCalculator.java,TaxCalculator,org.pitest.mutationtest.engine.gregor.mutators.ConditionalsBoundaryMutator,computeIncomeTax,23,SURVIVED,none
TaxCalculator.java,TaxCalculator,org.pitest.mutationtest.engine.gregor.mutators.ConditionalsBoundaryMutator,computeIncomeTax,26,SURVIVED,none
TaxCalculator.java,TaxCalculator,org.pitest.mutationtest.engine.gregor.mutators.NegateConditionalsMutator,computeIncomeTax,13,KILLED,TaxCalculatorTest.[engine:junit-jupiter]/[class:TaxCalculatorTest]/[method:incomeTax_middleSlab()]
TaxCalculator.java,TaxCalculator,org.pitest.mutationtest.engine.gregor.mutators.NegateConditionalsMutator,computeIncomeTax,13,KILLED,TaxCalculatorTest.[engine:junit-jupiter]/[class:TaxCalculatorTest]/[method:incomeTax_middleSlab()]
TaxCalculator.java,TaxCalculator,org.pitest.mutationtest.engine.gregor.mutators.NegateConditionalsMutator,computeIncomeTax,20,KILLED,TaxCalculatorTest.[engine:junit-jupiter]/[class:TaxCalculatorTest]/[method:incomeTax_middleSlab()]
TaxCalculator.java,TaxCalculator,org.pitest.mutationtest.engine.gregor.mutators.NegateConditionalsMutator,computeIncomeTax,23,KILLED,TaxCalculatorTest.[engine:junit-jupiter]/[class:TaxCalculatorTest]/[method:incomeTax_middleSlab()]
TaxCalculator.java,TaxCalculator,org.pitest.mutationtest.engine.gregor.mutators.NegateConditionalsMutator,computeIncomeTax,26,KILLED,TaxCalculatorTest.[engine:junit-jupiter]/[class:TaxCalculatorTest]/[method:incomeTax_middleSlab()]
TaxCalculator.java,TaxCalculator,org.pitest.mutationtest.engine.gregor.mutators.returns.NullReturnValsMutator,computeIncomeTax,21,NO_COVERAGE,none
TaxCalculator.java,TaxCalculator,org.pitest.mutationtest.engine.gregor.mutators.returns.NullReturnValsMutator,computeIncomeTax,24,NO_COVERAGE,none
TaxCalculator.java,TaxCalculator,org.pitest.mutationtest.engine.gregor.mutators.returns.NullReturnValsMutator,computeIncomeTax,28,KILLED,TaxCalculatorTest.[engine:junit-jupiter]/[class:TaxCalculatorTest]/[method:incomeTax_middleSlab()]
TaxCalculator.java,TaxCalculator,org.pitest.mutationtest.engine.gregor.mutators.returns.NullReturnValsMutator,computeIncomeTax,32,NO_COVERAGE,none
TaxCalculator.java,TaxCalculator,org.pitest.mutationtest.engine.gregor.mutators.ConditionalsBoundaryMutator,computeVAT,38,SURVIVED,none
TaxCalculator.java,TaxCalculator,org.pitest.mutationtest.engine.gregor.mutators.NegateConditionalsMutator,computeVAT,38,KILLED,TaxCalculatorTest.[engine:junit-jupiter]/[class:TaxCalculatorTest]/[method:vat_eighteenPercent()]
TaxCalculator.java,TaxCalculator,org.pitest.mutationtest.engine.gregor.mutators.NegateConditionalsMutator,computeVAT,38,KILLED,TaxCalculatorTest.[engine:junit-jupiter]/[class:TaxCalculatorTest]/[method:vat_eighteenPercent()]
TaxCalculator.java,TaxCalculator,org.pitest.mutationtest.engine.gregor.mutators.NegateConditionalsMutator,computeVAT,41,SURVIVED,none
TaxCalculator.java,TaxCalculator,org.pitest.mutationtest.engine.gregor.mutators.NegateConditionalsMutator,computeVAT,41,SURVIVED,none
TaxCalculator.java,TaxCalculator,org.pitest.mutationtest.engine.gregor.mutators.NegateConditionalsMutator,computeVAT,41,SURVIVED,none
TaxCalculator.java,TaxCalculator,org.pitest.mutationtest.engine.gregor.mutators.NegateConditionalsMutator,computeVAT,41,KILLED,TaxCalculatorTest.[engine:junit-jupiter]/[class:TaxCalculatorTest]/[method:vat_eighteenPercent()]
TaxCalculator.java,TaxCalculator,org.pitest.mutationtest.engine.gregor.mutators.NegateConditionalsMutator,computeVAT,41,NO_COVERAGE,none
TaxCalculator.java,TaxCalculator,org.pitest.mutationtest.engine.gregor.mutators.returns.NullReturnValsMutator,computeVAT,45,KILLED,TaxCalculatorTest.[engine:junit-jupiter]/[class:TaxCalculatorTest]/[method:vat_eighteenPercent()]
TaxCalculator.java,TaxCalculator,org.pitest.mutationtest.engine.gregor.mutators.ConditionalsBoundaryMutator,isEligibleForReturn,70,NO_COVERAGE,none
TaxCalculator.java,TaxCalculator,org.pitest.mutationtest.engine.gregor.mutators.ConditionalsBoundaryMutator,isEligibleForReturn,74,NO_COVERAGE,none
TaxCalculator.java,TaxCalculator,org.pitest.mutationtest.engine.gregor.mutators.ConditionalsBoundaryMutator,isEligibleForReturn,76,NO_COVERAGE,none
TaxCalculator.java,TaxCalculator,org.pitest.mutationtest.engine.gregor.mutators.ConditionalsBoundaryMutator,isEligibleForReturn,81,NO_COVERAGE,none
TaxCalculator.java,TaxCalculator,org.pitest.mutationtest.engine.gregor.mutators.NegateConditionalsMutator,isEligibleForReturn,70,NO_COVERAGE,none
TaxCalculator.java,TaxCalculator,org.pitest.mutationtest.engine.gregor.mutators.NegateConditionalsMutator,isEligibleForReturn,70,NO_COVERAGE,none
TaxCalculator.java,TaxCalculator,org.pitest.mutationtest.engine.gregor.mutators.NegateConditionalsMutator,isEligibleForReturn,74,NO_COVERAGE,none
TaxCalculator.java,TaxCalculator,org.pitest.mutationtest.engine.gregor.mutators.NegateConditionalsMutator,isEligibleForReturn,76,NO_COVERAGE,none
TaxCalculator.java,TaxCalculator,org.pitest.mutationtest.engine.gregor.mutators.NegateConditionalsMutator,isEligibleForReturn,81,NO_COVERAGE,none
TaxCalculator.java,TaxCalculator,org.pitest.mutationtest.engine.gregor.mutators.returns.BooleanTrueReturnValsMutator,isEligibleForReturn,71,NO_COVERAGE,none
TaxCalculator.java,TaxCalculator,org.pitest.mutationtest.engine.gregor.mutators.returns.BooleanTrueReturnValsMutator,isEligibleForReturn,81,NO_COVERAGE,none
TaxCalculator.java,TaxCalculator,org.pitest.mutationtest.engine.gregor.mutators.NegateConditionalsMutator,roundToPaise,62,NO_COVERAGE,none
TaxCalculator.java,TaxCalculator,org.pitest.mutationtest.engine.gregor.mutators.returns.NullReturnValsMutator,roundToPaise,65,NO_COVERAGE,none
